{"portfolio": {"start_date": "20210103", "end_date": "20210621", "topk": 10, "total_return": 0.0292, "annual_return": 0.0633, "annual_vol": 0.0677, "max_drawdown": 0.0307, "sharp_ratio": 0.935, "alpha": 0.5762210936923997, "beta": 0.42769417583376634}, "zzcb": {"total_returns": 0.0058, "annual_return": 0.0126, "annual_vol": 0.0971, "sharp_ratio": 0.1298, "max_drawdown": 0.0598, "max_date": "20210122", "min_date": "20210205"}, "bc": {"total_returns": -0.0715, "annual_return": -0.1549, "annual_vol": 0.2073, "sharp_ratio": -0.7472, "max_drawdown": 0.1379, "max_date": "20210210", "min_date": "20210319"}}