{"portfolio": {"start_date": "20190103", "end_date": "20210618", "topk": 10, "total_return": -0.0016, "annual_return": -0.0032, "annual_vol": 0.0708, "max_drawdown": 0.0323, "sharp_ratio": -0.0452, "alpha": 0.6811623603915515, "beta": 0.28869481303322864}, "zzcb": {"total_returns": 0.0336, "annual_return": 0.0672, "annual_vol": 0.0968, "sharp_ratio": 0.6942, "max_drawdown": 0.0598, "max_date": "20210122", "min_date": "20210205"}, "bc": {"total_returns": 0.012, "annual_return": 0.024, "annual_vol": 0.22, "sharp_ratio": 0.1091, "max_drawdown": 0.1379, "max_date": "20210210", "min_date": "20210319"}}