{"portfolio": {"start_date": "20210103", "end_date": "20210618", "topk": 10, "total_return": -0.0142, "annual_return": -0.0308, "annual_vol": 0.0855, "max_drawdown": 0.0426, "sharp_ratio": -0.3602, "alpha": 0.9919465017416003, "beta": 0.003574427048301396}, "zzcb": {"total_returns": 0.0058, "annual_return": 0.0126, "annual_vol": 0.0971, "sharp_ratio": 0.1298, "max_drawdown": 0.0598, "max_date": "20210122", "min_date": "20210205"}, "bc": {"total_returns": -0.0715, "annual_return": -0.1549, "annual_vol": 0.2073, "sharp_ratio": -0.7472, "max_drawdown": 0.1379, "max_date": "20210210", "min_date": "20210319"}}