{"portfolio": {"start_date": "20210103", "end_date": "20210621", "topk": 10, "total_return": 0.0653, "annual_return": 0.1415, "annual_vol": 0.0783, "max_drawdown": 0.022, "sharp_ratio": 1.8072, "alpha": 0.26625391737960835, "beta": 0.7762879375150284}, "zzcb": {"total_returns": 0.0058, "annual_return": 0.0126, "annual_vol": 0.0971, "sharp_ratio": 0.1298, "max_drawdown": 0.0598, "max_date": "20210122", "min_date": "20210205"}, "bc": {"total_returns": -0.0715, "annual_return": -0.1549, "annual_vol": 0.2073, "sharp_ratio": -0.7472, "max_drawdown": 0.1379, "max_date": "20210210", "min_date": "20210319"}}