{"portfolio": {"start_date": "20210103", "end_date": "20210621", "topk": 20, "total_return": 0.0062, "annual_return": 0.0134, "annual_vol": 0.0895, "max_drawdown": 0.0281, "sharp_ratio": 0.1497, "alpha": 0.6330962446627291, "beta": 0.3547989059897405}, "zzcb": {"total_returns": 0.0058, "annual_return": 0.0126, "annual_vol": 0.0971, "sharp_ratio": 0.1298, "max_drawdown": 0.0598, "max_date": "20210122", "min_date": "20210205"}, "bc": {"total_returns": -0.0715, "annual_return": -0.1549, "annual_vol": 0.2073, "sharp_ratio": -0.7472, "max_drawdown": 0.1379, "max_date": "20210210", "min_date": "20210319"}}