{"portfolio": {"start_date": "20210601", "end_date": "20210618", "topk": 10, "total_return": -0.0035, "annual_return": -0.0607, "annual_vol": 0.0117, "max_drawdown": 0.0035, "sharp_ratio": -5.188, "alpha": 0.8815394409216176, "beta": 0.11692838883171064}, "zzcb": {"total_returns": -0.0181, "annual_return": -0.3137, "annual_vol": 0.0533, "sharp_ratio": -5.8856, "max_drawdown": 0.0181, "max_date": "20210604", "min_date": "20210618"}, "bc": {"total_returns": -0.034, "annual_return": -0.5893, "annual_vol": 0.0451, "sharp_ratio": -13.0665, "max_drawdown": 0.034, "max_date": "20210604", "min_date": "20210618"}}