{"portfolio": {"start_date": "20180103", "end_date": "20200425", "topk": 10, "total_return": 0.1114, "annual_return": 0.2145, "annual_vol": 0.1283, "max_drawdown": 0.0377, "sharp_ratio": 1.6719, "alpha": 0.7181118626321242, "beta": 0.3282524576518463}, "zzcb": {"total_returns": 0.1345, "annual_return": 0.259, "annual_vol": 0.1947, "sharp_ratio": 1.3303, "max_drawdown": 0.1067, "max_date": "20180126", "min_date": "20180629"}, "bc": {"total_returns": -0.1532, "annual_return": -0.2951, "annual_vol": 0.3647, "sharp_ratio": -0.8092, "max_drawdown": 0.1425, "max_date": "20180126", "min_date": "20180427"}}