{"start_date": "20200103", "end_date": "20200425", "topk": 20, "total_return": 0.040291264269151306, "annual_return": 0.3722494986731347, "annual_vol": 315.7663645722699, "max_drawdown": 0.024389893288227382}