{"start_date": "20200103", "end_date": "20200425", "topk": 20, "total_return": 0.051337383289001615, "annual_return": 0.4010609498253117, "annual_vol": 322.7725942897672, "max_drawdown": 0.027322171651048555}